INSERT INTO `tb_country` VALUES ('10', 'Burkina Faso', '布基纳法索', 'Africa', 'BFA', 'bujinafasuo', 'bjnfs');
INSERT INTO `tb_country` VALUES ('100', 'Saudi Arabia', '沙特阿拉伯', 'Asia', 'SAU', 'shatealabo', 'stalb');
INSERT INTO `tb_country` VALUES ('101', 'Turkmenistan', '土库曼斯坦', 'Asia', 'TKM', 'tukumansitan', 'tkmst');
INSERT INTO `tb_country` VALUES ('102', 'Qatar', '卡塔尔', 'Asia', 'QAT', 'kataer', 'kte');
INSERT INTO `tb_country` VALUES ('103', 'Nepal', '尼泊尔', 'Asia', 'NPL', 'niboer', 'nbe');
INSERT INTO `tb_country` VALUES ('104', 'Kazakhstan', '哈萨克斯坦', 'Asia', 'KAZ', 'hasakesitan', 'hskst');
INSERT INTO `tb_country` VALUES ('105', 'Philippines', '菲律宾', 'Asia', 'PHL', 'feilvbin', 'flb');
INSERT INTO `tb_country` VALUES ('108', 'Iran', '伊朗', 'Asia', 'IRN', 'yilang', 'yl');
INSERT INTO `tb_country` VALUES ('109', 'Costa Rica', '哥斯达黎加', 'Central America', 'CRI', 'gesidalijia', 'gsdlj');
INSERT INTO `tb_country` VALUES ('11', 'Eritrea', '厄立特里亚', 'Africa', 'ERI', 'eliteliya', 'eltly');
INSERT INTO `tb_country` VALUES ('110', 'Cuba', '古巴', 'Central America', 'CUB', 'guba', 'gb');
INSERT INTO `tb_country` VALUES ('111', 'Dominican Rep.', '多米尼加共和国', 'Central America', 'DOM', 'duominijiagongheguo', 'dmnjghg');
INSERT INTO `tb_country` VALUES ('112', 'Mexico', '墨西哥', 'Central America', 'MEX', 'moxige', 'mxg');
INSERT INTO `tb_country` VALUES ('113', 'Nicaragua', '尼加拉瓜', 'Central America', 'NIC', 'nijialagua', 'njlg');
INSERT INTO `tb_country` VALUES ('114', 'Panama', '巴拿马', 'Central America', 'PAN', 'banama', 'bnm');
INSERT INTO `tb_country` VALUES ('115', 'the Netherlands Antilles', '荷属安地列斯群岛', 'Central America', 'ANT', 'heshuandiliesiqundao', 'hsadlsqd');
INSERT INTO `tb_country` VALUES ('116', 'El Salvador', '萨尔瓦多', 'Central America', 'SLV', 'saerwaduo', 'sewd');
INSERT INTO `tb_country` VALUES ('117', 'VIRGIN IS.(U.K.)', '英属维尔京群岛', 'Central America', 'BVI', 'yingshuweierjingqundao', 'yswejqd');
INSERT INTO `tb_country` VALUES ('118', 'Puerto Rico', '波多黎各', 'Central America', 'PTR', 'boduolige', 'bdlg');
INSERT INTO `tb_country` VALUES ('119', 'VIRGIN IS.(US)', '美属维尔京群岛', 'Central America', '', 'meishuweierjingqundao', 'mswejqd');
INSERT INTO `tb_country` VALUES ('12', 'Sao Tome & Principe', '圣多美和普林西比', 'Africa', 'STP', 'shengduomeihepulinxibi', 'sdmhplxb');
INSERT INTO `tb_country` VALUES ('120', 'ANGUILLA(U.K.)', '安圭拉(英)', 'Central America', '', 'anguila(ying)', 'agl(y)');
INSERT INTO `tb_country` VALUES ('122', 'ST. VINCENT AND THE GRENADINES', '圣文森特和格纳丁斯', 'Central America', 'VAG', 'shengwensentehegenadingsi', 'swsthgnds');
INSERT INTO `tb_country` VALUES ('123', 'NETHERLANDS ANTILLES', '荷属安德列斯', 'Central America', '', 'heshuandeliesi', 'hsadls');
INSERT INTO `tb_country` VALUES ('124', 'Guadeloupe', '瓜德罗普', 'Central America', 'GLP', 'guadeluopu', 'gdlp');
INSERT INTO `tb_country` VALUES ('125', 'Honduras', '洪都拉斯', 'Central America', 'HND', 'hongdoulasi', 'hdls');
INSERT INTO `tb_country` VALUES ('126', 'Guatemala', '危地马拉', 'Central America', 'GTM', 'weidimala', 'wdml');
INSERT INTO `tb_country` VALUES ('127', 'Georgia', '格鲁吉亚', 'Europe', 'GEO', 'gelujiya', 'gljy');
INSERT INTO `tb_country` VALUES ('128', 'Armenia', '亚美尼亚', 'Europe', 'ARM', 'yameiniya', 'ymny');
INSERT INTO `tb_country` VALUES ('129', 'Azerbaijan', '阿塞拜疆', 'Europe', 'AZE', 'asaibaijiang', 'asbj');
INSERT INTO `tb_country` VALUES ('13', 'Angola', '安哥拉', 'Africa', 'AGO', 'angela', 'agl');
INSERT INTO `tb_country` VALUES ('130', 'Byelorussia', '白俄罗斯', 'Europe', 'BLR', 'baieluosi', 'bels');
INSERT INTO `tb_country` VALUES ('131', 'Russia', '俄罗斯联邦', 'Europe', 'RUS', 'eluosilianbang', 'elslb');
INSERT INTO `tb_country` VALUES ('132', 'Ukraine', '乌克兰', 'Europe', 'UKR', 'wukelan', 'wkl');
INSERT INTO `tb_country` VALUES ('133', 'Oth. Eur. nes', '欧洲其他国家(地区)', 'Europe', '', 'ouzhouqitaguojia(diqu)', 'ozqtgj(dq)');
INSERT INTO `tb_country` VALUES ('134', 'Hungary', '匈牙利', 'Europe', 'HUN', 'xiongyali', 'xyl');
INSERT INTO `tb_country` VALUES ('135', 'Iceland', '冰岛', 'Europe', 'ISL', 'bingdao', 'bd');
INSERT INTO `tb_country` VALUES ('136', 'Malta', '马耳他', 'Europe', 'MLT', 'maerta', 'met');
INSERT INTO `tb_country` VALUES ('137', 'Monaco', '摩纳哥', 'Europe', 'MCO', 'monage', 'mng');
INSERT INTO `tb_country` VALUES ('138', 'Norway', '挪威', 'Europe', 'NOR', 'nuowei', 'nw');
INSERT INTO `tb_country` VALUES ('139', 'Romania', '罗马尼亚', 'Europe', 'ROM', 'luomaniya', 'lmny');
INSERT INTO `tb_country` VALUES ('14', 'Libyan Arab Jm', '利比亚', 'Africa', 'LBY', 'libiya', 'lby');
INSERT INTO `tb_country` VALUES ('140', 'San Marino', '圣马力诺', 'Europe', 'SMR', 'shengmalinuo', 'smln');
INSERT INTO `tb_country` VALUES ('141', 'Sweden', '瑞典', 'Europe', 'SWE', 'ruidian', 'rd');
INSERT INTO `tb_country` VALUES ('142', 'Switzerland', '瑞士', 'Europe', 'CHE', 'ruishi', 'rs');
INSERT INTO `tb_country` VALUES ('143', 'Estonia', '爱沙尼亚', 'Europe', 'EST', 'aishaniya', 'asny');
INSERT INTO `tb_country` VALUES ('144', 'Latvia', '拉脱维亚', 'Europe', 'LVA', 'latuoweiya', 'ltwy');
INSERT INTO `tb_country` VALUES ('145', 'Lithuania', '立陶宛', 'Europe', 'LTU', 'litaowan', 'ltw');
INSERT INTO `tb_country` VALUES ('146', 'Moldavia', '摩尔多瓦', 'Europe', 'MDA', 'moerduowa', 'medw');
INSERT INTO `tb_country` VALUES ('147', 'Turkey', '土耳其', 'Europe', 'TUR', 'tuerqi', 'teq');
INSERT INTO `tb_country` VALUES ('148', 'Slovenia Rep', '斯洛文尼亚', 'Europe', 'SVN', 'siluowenniya', 'slwny');
INSERT INTO `tb_country` VALUES ('149', 'Czech Rep', '捷克共和国', 'Europe', 'CZE', 'jiekegongheguo', 'jkghg');
INSERT INTO `tb_country` VALUES ('15', 'Oth. Afr. nes', '非洲其他国家(地区)', 'Africa', '', 'feizhouqitaguojia(diqu)', 'fzqtgj(dq)');
INSERT INTO `tb_country` VALUES ('150', 'Slovak Rep', '斯洛伐克', 'Europe', 'SVK', 'siluofake', 'slfk');
INSERT INTO `tb_country` VALUES ('151', 'Macedonia Rep', '马其顿', 'Europe', 'MKD', 'maqidun', 'mqd');
INSERT INTO `tb_country` VALUES ('152', 'Bosnia&Hercegovina', '波斯尼亚-黑塞哥维那共和', 'Europe', 'BIH', 'bosiniya-heisaigeweineigonghe', 'bsny-hsgwngh');
INSERT INTO `tb_country` VALUES ('153', 'Vatican City State', '梵蒂冈城国', 'Europe', 'VAT', 'fandigangchengguo', 'fdgcg');
INSERT INTO `tb_country` VALUES ('154', 'Netherlands', '荷兰', 'Europe', 'NLD', 'helan', 'hl');
INSERT INTO `tb_country` VALUES ('155', 'Croatia Rep', '克罗地亚', 'Europe', 'HRV', 'keluodiya', 'kldy');
INSERT INTO `tb_country` VALUES ('156', 'Greece', '希腊', 'Europe', 'GRC', 'xila', 'xl');
INSERT INTO `tb_country` VALUES ('157', 'Ireland', '爱尔兰', 'Europe', 'IRL', 'aierlan', 'ael');
INSERT INTO `tb_country` VALUES ('158', 'Belgium', '比利时', 'Europe', 'BEL', 'bilishi', 'bls');
INSERT INTO `tb_country` VALUES ('159', 'Cyprus', '塞浦路斯', 'Europe', 'CYP', 'saipulusi', 'spls');
INSERT INTO `tb_country` VALUES ('16', 'Ceuta', '塞卜泰', 'Africa', '', 'saibutai', 'sbt');
INSERT INTO `tb_country` VALUES ('160', 'Denmark', '丹麦', 'Europe', 'DNK', 'danmai', 'dm');
INSERT INTO `tb_country` VALUES ('161', 'United Kingdom', '英国', 'Europe', 'ENG', 'yingguo', 'yg');
INSERT INTO `tb_country` VALUES ('162', 'Germany', '德国', 'Europe', 'DEU', 'deguo', 'dg');
INSERT INTO `tb_country` VALUES ('163', 'France', '法国', 'Europe', 'FRA', 'faguo', 'fg');
INSERT INTO `tb_country` VALUES ('164', 'Italy', '意大利', 'Europe', 'ITA', 'yidali', 'ydl');
INSERT INTO `tb_country` VALUES ('165', 'Luxembourg', '卢森堡', 'Europe', 'LUX', 'lusenbao', 'lsb');
INSERT INTO `tb_country` VALUES ('166', 'Portugal', '葡萄牙', 'Europe', 'PRT', 'putaoya', 'pty');
INSERT INTO `tb_country` VALUES ('167', 'Poland', '波兰', 'Europe', 'POL', 'bolan', 'bl');
INSERT INTO `tb_country` VALUES ('168', 'Spain', '西班牙', 'Europe', 'ESP', 'xibanya', 'xby');
INSERT INTO `tb_country` VALUES ('169', 'Albania', '阿尔巴尼亚', 'Europe', 'ALB', 'aerbaniya', 'aebny');
INSERT INTO `tb_country` VALUES ('17', 'Zimbabwe', '津巴布韦', 'Africa', 'ZWE', 'jinbabuwei', 'jbbw');
INSERT INTO `tb_country` VALUES ('170', 'Andorra', '安道尔', 'Europe', 'AND', 'andaoer', 'ade');
INSERT INTO `tb_country` VALUES ('171', 'Liechtenstein', '列支敦士登', 'Europe', 'LIE', 'liezhidunshideng', 'lzdsd');
INSERT INTO `tb_country` VALUES ('172', 'Serbia & Montenegro', '塞黑', 'Europe', 'S&M', 'saihei', 'sh');
INSERT INTO `tb_country` VALUES ('173', 'Austria', '奥地利', 'Europe', 'AUT', 'aodili', 'adl');
INSERT INTO `tb_country` VALUES ('174', 'Bulgaria', '保加利亚', 'Europe', 'BGR', 'baojialiya', 'bjly');
INSERT INTO `tb_country` VALUES ('175', 'Finland', '芬兰', 'Europe', 'FIN', 'fenlan', 'fl');
INSERT INTO `tb_country` VALUES ('176', 'Gibraltar', '直布罗陀', 'Europe', 'GIB', 'zhibuluotuo', 'zblt');
INSERT INTO `tb_country` VALUES ('177', 'Dominica', '多米尼克', 'North America', 'DMA', 'duominike', 'dmnk');
INSERT INTO `tb_country` VALUES ('178', 'Bermuda', '百慕大', 'North America', 'BMU', 'baimuda', 'bmd');
INSERT INTO `tb_country` VALUES ('179', 'Canada', '加拿大', 'North America', 'CAN', 'jianada', 'jnd');
INSERT INTO `tb_country` VALUES ('18', 'Guinea', '几内亚', 'Africa', 'GIN', 'jineiya', 'jny');
INSERT INTO `tb_country` VALUES ('180', 'United States', '美国', 'North America', 'USA', 'meiguo', 'mg');
INSERT INTO `tb_country` VALUES ('181', 'Greenland', '格陵兰', 'North America', 'GRL', 'gelinglan', 'gll');
INSERT INTO `tb_country` VALUES ('182', 'Oth. N.Amer. nes', '北美洲其他国家(地区)', 'North America', '', 'beimeizhouqitaguojia(diqu)', 'bmzqtgj(dq)');
INSERT INTO `tb_country` VALUES ('183', 'Tonga', '汤加', 'Oceania', 'TON', 'tangjia', 'tj');
INSERT INTO `tb_country` VALUES ('184', 'Australia', '澳大利亚', 'Oceania', 'AUS', 'aodaliya', 'adly');
INSERT INTO `tb_country` VALUES ('185', 'Cook Is', '库克群岛', 'Oceania', 'COK', 'kukequndao', 'kkqd');
INSERT INTO `tb_country` VALUES ('186', 'Nauru', '瑙鲁', 'Oceania', 'NRU', 'naolu', 'nl');
INSERT INTO `tb_country` VALUES ('187', 'New Caledonia', '新喀里多尼亚', 'Oceania', 'NCL', 'xinkaliduoniya', 'xkldny');
INSERT INTO `tb_country` VALUES ('188', 'Vanuatu', '瓦努阿图', 'Oceania', 'VUT', 'wanuatu', 'wnat');
INSERT INTO `tb_country` VALUES ('189', 'Solomon Is', '所罗门群岛', 'Oceania', 'SLB', 'suoluomenqundao', 'slmqd');
INSERT INTO `tb_country` VALUES ('19', 'Sierra Leone', '塞拉利昂', 'Africa', 'SLE', 'sailaliang', 'slla');
INSERT INTO `tb_country` VALUES ('190', 'Samoa', '萨摩亚', 'Oceania', 'WSM', 'samoya', 'smy');
INSERT INTO `tb_country` VALUES ('191', 'Tuvalu', '图瓦卢', 'Oceania', 'TUV', 'tuwalu', 'twl');
INSERT INTO `tb_country` VALUES ('192', 'Micronesia Fs', '密克罗尼西亚联邦', 'Oceania', 'FSM', 'mikeluonixiyalianbang', 'mklnxylb');
INSERT INTO `tb_country` VALUES ('193', 'Marshall Is Rep', '马绍尔群岛', 'Oceania', 'MHL', 'mashaoerqundao', 'mseqd');
INSERT INTO `tb_country` VALUES ('194', 'Kiribati', '基里巴斯', 'Oceania', 'KIR', 'jilibasi', 'jlbs');
INSERT INTO `tb_country` VALUES ('195', 'French Polynesia', '法属玻利尼西亚', 'Oceania', 'PYF', 'fashubolinixiya', 'fsblnxy');
INSERT INTO `tb_country` VALUES ('196', 'New Zealand', '新西兰', 'Oceania', 'NZL', 'xinxilan', 'xxl');
INSERT INTO `tb_country` VALUES ('197', 'Fiji', '斐济', 'Oceania', 'FJI', 'feiji', 'fj');
INSERT INTO `tb_country` VALUES ('198', 'Papua New Guinea', '巴布亚新几内亚', 'Oceania', 'PNG', 'babuyaxinjineiya', 'bbyxjny');
INSERT INTO `tb_country` VALUES ('199', 'Palau', '帕劳共和国', 'Oceania', 'PLW', 'palaogongheguo', 'plghg');
INSERT INTO `tb_country` VALUES ('2', 'Cameroon', '喀麦隆', 'Africa', 'CMR', 'kamailong', 'kml');
INSERT INTO `tb_country` VALUES ('20', 'Reunion', '留尼汪', 'Africa', 'REU', 'liuniwang', 'lnw');
INSERT INTO `tb_country` VALUES ('200', 'Tuamotu Is', '土阿莫土群岛', 'Oceania', '', 'tuamotuqundao', 'tamtqd');
INSERT INTO `tb_country` VALUES ('201', 'Tubai Is', '土布艾群岛', 'Oceania', '', 'tubuaiqundao', 'tbaqd');
INSERT INTO `tb_country` VALUES ('202', 'Society Is', '社会群岛', 'Oceania', '', 'shehuiqundao', 'shqd');
INSERT INTO `tb_country` VALUES ('203', 'Marquesas Is', '马克萨斯群岛', 'Oceania', '', 'makesasiqundao', 'mkssqd');
INSERT INTO `tb_country` VALUES ('204', 'Wallis and Futuna', '瓦利斯和浮图纳', 'Oceania', 'WLF', 'walisihefutuna', 'wlshftn');
INSERT INTO `tb_country` VALUES ('205', 'Gambier Is', '盖比群岛', 'Oceania', '', 'gaibiqundao', 'gbqd');
INSERT INTO `tb_country` VALUES ('206', 'Norfolk Is', '诺福克岛', 'Oceania', '', 'nuofukedao', 'nfkd');
INSERT INTO `tb_country` VALUES ('207', 'Oth. Ocean. nes', '大洋洲其他国家(地区)', 'Oceania', '', 'dayangzhouqitaguojia(diqu)', 'dyzqtgj(dq)');
INSERT INTO `tb_country` VALUES ('208', 'Chile', '智利', 'South America', 'CHL', 'zhili', 'zl');
INSERT INTO `tb_country` VALUES ('209', 'Colombia', '哥伦比亚', 'South America', 'COL', 'gelunbiya', 'glby');
INSERT INTO `tb_country` VALUES ('21', 'Gabon', '加蓬', 'Africa', 'GAB', 'jiapeng', 'jp');
INSERT INTO `tb_country` VALUES ('210', 'French Guyana', '法属圭亚那', 'South America', 'GUF', 'fashuguiyanei', 'fsgyn');
INSERT INTO `tb_country` VALUES ('211', 'Guyana', '圭亚那', 'South America', 'GUY', 'guiyanei', 'gyn');
INSERT INTO `tb_country` VALUES ('212', 'Curacao', '库腊索岛', 'South America', '', 'kulasuodao', 'klsd');
INSERT INTO `tb_country` VALUES ('213', 'Paraguay', '巴拉圭', 'South America', 'PRY', 'balagui', 'blg');
INSERT INTO `tb_country` VALUES ('214', 'Peru', '秘鲁', 'South America', 'PER', 'milu', 'ml');
INSERT INTO `tb_country` VALUES ('215', 'Suriname', '苏里南', 'South America', 'SUR', 'sulinan', 'sln');
INSERT INTO `tb_country` VALUES ('216', 'Venezuela', '委内瑞拉', 'South America', 'VEN', 'weineiruila', 'wnrl');
INSERT INTO `tb_country` VALUES ('217', 'Uruguay', '乌拉圭', 'South America', 'URY', 'wulagui', 'wlg');
INSERT INTO `tb_country` VALUES ('218', 'Ecuador', '厄瓜多尔', 'South America', 'ECU', 'eguaduoer', 'egde');
INSERT INTO `tb_country` VALUES ('219', 'Antigua & Barbuda', '安提瓜和巴布达', 'South America', 'ATG', 'antiguahebabuda', 'atghbbd');
INSERT INTO `tb_country` VALUES ('22', 'Ghana', '加纳', 'Africa', 'GHA', 'jiana', 'jn');
INSERT INTO `tb_country` VALUES ('220', 'Aruba', '阿鲁巴岛', 'South America', 'ABW', 'alubadao', 'albd');
INSERT INTO `tb_country` VALUES ('221', 'Bahamas', '巴哈马', 'South America', 'BHS', 'bahama', 'bhm');
INSERT INTO `tb_country` VALUES ('222', 'Barbados', '巴巴多斯', 'South America', 'BRB', 'babaduosi', 'bbds');
INSERT INTO `tb_country` VALUES ('223', 'Cayman Is', '开曼群岛', 'South America', 'CYM', 'kaimanqundao', 'kmqd');
INSERT INTO `tb_country` VALUES ('224', 'Grenada', '格林纳达', 'South America', 'GRD', 'gelinnada', 'glnd');
INSERT INTO `tb_country` VALUES ('225', 'Saba', '萨巴', 'South America', '', 'saba', 'sb');
INSERT INTO `tb_country` VALUES ('226', 'Haiti', '海地', 'South America', 'HTI', 'haidi', 'hd');
INSERT INTO `tb_country` VALUES ('227', 'Jamaica', '牙买加', 'South America', 'JAM', 'yamaijia', 'ymj');
INSERT INTO `tb_country` VALUES ('228', 'Martinique', '马提尼克', 'South America', 'MTQ', 'matinike', 'mtnk');
INSERT INTO `tb_country` VALUES ('229', 'Montserrat', '蒙特塞拉特', 'South America', 'MSR', 'mengtesailate', 'mtslt');
INSERT INTO `tb_country` VALUES ('23', 'Tanzania', '坦桑尼亚', 'Africa', 'TZA', 'tansangniya', 'tsny');
INSERT INTO `tb_country` VALUES ('230', 'Saint Vincent & Grenadines', '圣文森特和格林纳丁斯', 'South America', 'VCT', 'shengwensentehegelinnadingsi', 'swsthglnds');
INSERT INTO `tb_country` VALUES ('231', 'Trinidad & Tobago', '特立尼达和多巴哥', 'South America', 'TTO', 'telinidaheduobage', 'tlndhdbg');
INSERT INTO `tb_country` VALUES ('232', 'Turks & Caicos Is', '特克斯和凯科斯群岛', 'South America', 'TCA', 'tekesihekaikesiqundao', 'tkshkksqd');
INSERT INTO `tb_country` VALUES ('234', 'St. Kitts-Nevis', '圣其茨-尼维斯', 'South America', 'KNA', 'shengqici-niweisi', 'sqc-nws');
INSERT INTO `tb_country` VALUES ('235', 'Saint Martin Is', '圣马丁岛', 'South America', '', 'shengmadingdao', 'smdd');
INSERT INTO `tb_country` VALUES ('236', 'Oth. L.Amer. nes', '南美洲其他国家(地区)', 'South America', '', 'nanmeizhouqitaguojia(diqu)', 'nmzqtgj(dq)');
INSERT INTO `tb_country` VALUES ('237', 'St.Pierre and Miquelon', '圣皮埃尔和密克隆', 'South America', 'SPM', 'shengpiaierhemikelong', 'spaehmkl');
INSERT INTO `tb_country` VALUES ('238', 'Argentina', '阿根廷', 'South America', 'ARG', 'agenting', 'agt');
INSERT INTO `tb_country` VALUES ('239', 'Belize', '伯利兹', 'South America', 'BLZ', 'bolizi', 'blz');
INSERT INTO `tb_country` VALUES ('24', 'Mali', '马里', 'Africa', 'MLI', 'mali', 'ml');
INSERT INTO `tb_country` VALUES ('240', 'Bolivia', '玻利维亚', 'South America', 'BOL', 'boliweiya', 'blwy');
INSERT INTO `tb_country` VALUES ('241', 'Brazil', '巴西', 'South America', 'BRA', 'baxi', 'bx');
INSERT INTO `tb_country` VALUES ('242', 'Bonaire', '博内尔', 'South America', '', 'boneier', 'bne');
INSERT INTO `tb_country` VALUES ('243', 'Saint Lucia', '圣卢西亚', 'South America', 'LCA', 'shengluxiya', 'slxy');
INSERT INTO `tb_country` VALUES ('245', 'Dubai', '迪拜', 'Asia', 'UAE', 'dibai', 'db');
INSERT INTO `tb_country` VALUES ('25', 'Somalia', '索马里', 'Africa', 'SOM', 'suomali', 'sml');
INSERT INTO `tb_country` VALUES ('26', 'Mauritania', '毛里塔尼亚', 'Africa', 'MRT', 'maolitaniya', 'mltny');
INSERT INTO `tb_country` VALUES ('260', 'The Republic of Serbia', '塞尔维亚', 'Europe', 'CS', 'saierweiya', 'sewy');
INSERT INTO `tb_country` VALUES ('27', 'Uganda', '乌干达', 'Africa', 'UGA', 'wuganda', 'wgd');
INSERT INTO `tb_country` VALUES ('28', 'Chad', '乍得', 'Africa', 'TCD', 'zhade', 'zd');
INSERT INTO `tb_country` VALUES ('29', 'Mayotte', '马约特岛', 'Africa', 'MYT', 'mayuetedao', 'mytd');
INSERT INTO `tb_country` VALUES ('3', 'Benin', '贝宁', 'Africa', 'BEN', 'beining', 'bn');
INSERT INTO `tb_country` VALUES ('30', 'Comoros', '科摩罗', 'Africa', 'COM', 'kemoluo', 'kml');
INSERT INTO `tb_country` VALUES ('31', 'Botswana', '博茨瓦那', 'Africa', 'BWA', 'bociwanei', 'bcwn');
INSERT INTO `tb_country` VALUES ('32', 'Senegal', '塞内加尔', 'Africa', 'SEN', 'saineijiaer', 'snje');
INSERT INTO `tb_country` VALUES ('33', 'Swaziland', '斯威士兰', 'Africa', 'SWZ', 'siweishilan', 'swsl');
INSERT INTO `tb_country` VALUES ('34', 'Guinea Bissau', '几内亚(比绍)', 'Africa', 'GNB', 'jineiya(bishao)', 'jny(bs)');
INSERT INTO `tb_country` VALUES ('35', 'Congo,DR', '民主刚果', 'Africa', '', 'minzhugangguo', 'mzgg');
INSERT INTO `tb_country` VALUES ('36', 'Central African Rep.', '中非共和国', 'Africa', 'CAF', 'zhongfeigongheguo', 'zfghg');
INSERT INTO `tb_country` VALUES ('37', 'Lesotho', '莱索托', 'Africa', 'LSO', 'laisuotuo', 'lst');
INSERT INTO `tb_country` VALUES ('38', 'Congo', '刚果', 'Africa', 'COG', 'gangguo', 'gg');
INSERT INTO `tb_country` VALUES ('39', 'S.Africa', '南非', 'Africa', 'ZAF', 'nanfei', 'nf');
INSERT INTO `tb_country` VALUES ('4', 'Madagascar', '马达加斯加', 'Africa', 'MDG', 'madajiasijia', 'mdjsj');
INSERT INTO `tb_country` VALUES ('40', 'Liberia', '利比里亚', 'Africa', 'LBR', 'libiliya', 'lbly');
INSERT INTO `tb_country` VALUES ('41', 'Tunisia', '突尼斯', 'Africa', 'TUN', 'tunisi', 'tns');
INSERT INTO `tb_country` VALUES ('42', 'Zambia', '赞比亚', 'Africa', 'ZMB', 'zanbiya', 'zby');
INSERT INTO `tb_country` VALUES ('43', 'Niger', '尼日尔', 'Africa', 'NER', 'nirier', 'nre');
INSERT INTO `tb_country` VALUES ('44', 'Western Sahara', '西撒哈拉', 'Africa', 'ESH', 'xisahala', 'xshl');
INSERT INTO `tb_country` VALUES ('45', 'Togo', '多哥', 'Africa', 'TGO', 'duoge', 'dg');
INSERT INTO `tb_country` VALUES ('46', 'Namibia', '纳米比亚', 'Africa', 'NAM', 'namibiya', 'nmby');
INSERT INTO `tb_country` VALUES ('47', 'Mozambique', '莫桑比克', 'Africa', 'MOZ', 'mosangbike', 'msbk');
INSERT INTO `tb_country` VALUES ('48', 'Melilla', '梅利利亚', 'Africa', '', 'meililiya', 'mlly');
INSERT INTO `tb_country` VALUES ('49', 'Ethiopia', '埃塞俄比亚', 'Africa', 'ETH', 'aisaiebiya', 'aseby');
INSERT INTO `tb_country` VALUES ('5', 'Rwanda', '卢旺达', 'Africa', 'RWA', 'luwangda', 'lwd');
INSERT INTO `tb_country` VALUES ('50', 'Morocco', '摩洛哥', 'Africa', 'MAR', 'moluoge', 'mlg');
INSERT INTO `tb_country` VALUES ('51', 'Malawi', '马拉维', 'Africa', 'MWI', 'malawei', 'mlw');
INSERT INTO `tb_country` VALUES ('52', 'Nigeria', '尼日利亚', 'Africa', 'NGA', 'niriliya', 'nrly');
INSERT INTO `tb_country` VALUES ('53', 'Cape Verde', '佛得角', 'Africa', 'CPV', 'fodejiao', 'fdj');
INSERT INTO `tb_country` VALUES ('54', 'Burundi', '布隆迪', 'Africa', 'BDI', 'bulongdi', 'bld');
INSERT INTO `tb_country` VALUES ('55', 'Algeria', '阿尔及利亚', 'Africa', 'DZA', 'aerjiliya', 'aejly');
INSERT INTO `tb_country` VALUES ('56', 'Djibouti', '吉布提', 'Africa', 'DJI', 'jibuti', 'jbt');
INSERT INTO `tb_country` VALUES ('57', 'Canary Is', '加那利群岛', 'Africa', '', 'jianeiliqundao', 'jnlqd');
INSERT INTO `tb_country` VALUES ('58', 'Gambia', '冈比亚', 'Africa', 'GMB', 'gangbiya', 'gby');
INSERT INTO `tb_country` VALUES ('59', 'Eq.Guinea', '赤道几内亚', 'Africa', 'GNQ', 'chidaojineiya', 'cdjny');
INSERT INTO `tb_country` VALUES ('6', 'Seychelles', '塞舌尔', 'Africa', 'SYC', 'saisheer', 'sse');
INSERT INTO `tb_country` VALUES ('60', 'Sudan', '苏丹', 'Africa', 'SDN', 'sudan', 'sd');
INSERT INTO `tb_country` VALUES ('61', 'Kenya', '肯尼亚', 'Africa', 'KEN', 'kenniya', 'kny');
INSERT INTO `tb_country` VALUES ('62', 'Singapore', '新加坡', 'Asia', 'SGP', 'xinjiapo', 'xjp');
INSERT INTO `tb_country` VALUES ('63', 'Korea Rep.', '韩国', 'Asia', 'KOR', 'hanguo', 'hg');
INSERT INTO `tb_country` VALUES ('64', 'Syrian', '叙利亚', 'Asia', 'SYR', 'xuliya', 'xly');
INSERT INTO `tb_country` VALUES ('65', 'Uzbekstan', '乌兹别克斯坦', 'Asia', 'UZB', 'wuzibiekesitan', 'wzbkst');
INSERT INTO `tb_country` VALUES ('66', 'Bahrian', '巴林', 'Asia', 'BHR', 'balin', 'bl');
INSERT INTO `tb_country` VALUES ('67', 'Japan', '日本', 'Asia', 'JPN', 'riben', 'rb');
INSERT INTO `tb_country` VALUES ('68', 'Jordan', '约旦', 'Asia', 'JOR', 'yuedan', 'yd');
INSERT INTO `tb_country` VALUES ('69', 'Vietnam', '越南', 'Asia', 'VNM', 'yuenan', 'yn');
INSERT INTO `tb_country` VALUES ('7', 'Cote d\'lvoir', '科特迪瓦', 'Africa', 'CIV', 'ketediwa', 'ktdw');
INSERT INTO `tb_country` VALUES ('70', 'Kirghizia', '吉尔吉斯斯坦', 'Asia', 'KGZ', 'jierjisisitan', 'jejsst');
INSERT INTO `tb_country` VALUES ('71', 'Thailand', '泰国', 'Asia', 'THA', 'taiguo', 'tg');
INSERT INTO `tb_country` VALUES ('72', 'Sri Lanka', '斯里兰卡', 'Asia', 'LKA', 'sililanka', 'sllk');
INSERT INTO `tb_country` VALUES ('73', 'United Arab Emirates', '阿联酋', 'Asia', 'ARE', 'alianqiu', 'alq');
INSERT INTO `tb_country` VALUES ('74', 'Laos,PDR', '老挝', 'Asia', 'LAO', 'laowo', 'lw');
INSERT INTO `tb_country` VALUES ('75', 'Afghanistan', '阿富汗', 'Asia', 'AFG', 'afuhan', 'afh');
INSERT INTO `tb_country` VALUES ('77', 'Tadzhikistan', '塔吉克斯坦', 'Asia', 'TJK', 'tajikesitan', 'tjkst');
INSERT INTO `tb_country` VALUES ('78', 'Korea,DPR', '朝鲜', 'Asia', 'PRK', 'chaoxian', 'cx');
INSERT INTO `tb_country` VALUES ('79', 'Palestine', '巴勒斯坦', 'Asia', 'PAL', 'balesitan', 'blst');
INSERT INTO `tb_country` VALUES ('8', 'Egypt', '埃及', 'Africa', 'EGY', 'aiji', 'aj');
INSERT INTO `tb_country` VALUES ('81', 'Iraq', '伊拉克', 'Asia', 'IRQ', 'yilake', 'ylk');
INSERT INTO `tb_country` VALUES ('82', 'Lebanon', '黎巴嫩', 'Asia', 'LBN', 'libanen', 'lbn');
INSERT INTO `tb_country` VALUES ('83', 'Kuwait', '科威特', 'Asia', 'KWT', 'keweite', 'kwt');
INSERT INTO `tb_country` VALUES ('84', 'Brunei', '文莱', 'Asia', 'BRN', 'wenlai', 'wl');
INSERT INTO `tb_country` VALUES ('85', 'Maldives', '马尔代夫', 'Asia', 'MDV', 'maerdaifu', 'medf');
INSERT INTO `tb_country` VALUES ('86', 'Indonesia', '印度尼西亚', 'Asia', 'IDN', 'yindunixiya', 'ydnxy');
INSERT INTO `tb_country` VALUES ('87', 'Israel', '以色列', 'Asia', 'ISR', 'yiselie', 'ysl');
INSERT INTO `tb_country` VALUES ('88', 'Mongolia', '蒙古', 'Asia', 'MNG', 'menggu', 'mg');
INSERT INTO `tb_country` VALUES ('89', 'Oth. Asia nes', '亚洲其他国家(地区)', 'Asia', '', 'yazhouqitaguojia(diqu)', 'yzqtgj(dq)');
INSERT INTO `tb_country` VALUES ('9', 'Mauritius', '毛里求斯', 'Africa', 'MUS', 'maoliqiusi', 'mlqs');
INSERT INTO `tb_country` VALUES ('90', 'Oman', '阿曼', 'Asia', 'OMN', 'aman', 'am');
INSERT INTO `tb_country` VALUES ('91', 'India', '印度', 'Asia', 'IND', 'yindu', 'yd');
INSERT INTO `tb_country` VALUES ('92', 'Myanmar', '缅甸', 'Asia', 'MMR', 'miandian', 'md');
INSERT INTO `tb_country` VALUES ('93', 'Malaysia', '马来西亚', 'Asia', 'MYS', 'malaixiya', 'mlxy');
INSERT INTO `tb_country` VALUES ('94', 'East Timor', '东帝汶', 'Asia', 'TMP', 'dongdiwen', 'ddw');
INSERT INTO `tb_country` VALUES ('95', 'Republic of Yemen', '也门共和国', 'Asia', 'YEM', 'yemengongheguo', 'ymghg');
INSERT INTO `tb_country` VALUES ('96', 'Bhutan', '不丹', 'Asia', 'BTN', 'budan', 'bd');
INSERT INTO `tb_country` VALUES ('97', 'Cambodia', '柬埔寨', 'Asia', 'KHM', 'jianpuzhai', 'jpz');
INSERT INTO `tb_country` VALUES ('98', 'Pakistan', '巴基斯坦', 'Asia', 'PAK', 'bajisitan', 'bjst');
INSERT INTO `tb_country` VALUES ('99', 'Bangladesh', '孟加拉国', 'Asia', 'BGD', 'mengjialaguo', 'mjlg');

INSERT INTO `tb_province` VALUES ('110000', '北京市', 'Beijing', 'beijingshi', 'bjs');
INSERT INTO `tb_province` VALUES ('120000', '天津市', 'Tianjin', 'tianjinshi', 'tjs');
INSERT INTO `tb_province` VALUES ('130000', '河北省', 'Hebei Province', 'hebeisheng', 'hbs');
INSERT INTO `tb_province` VALUES ('140000', '山西省', 'Shanxi Province', 'shanxisheng', 'sxs');
INSERT INTO `tb_province` VALUES ('150000', '内蒙古自治区', 'Inner Mongolia Autonomous Region', 'neimengguzizhiqu', 'nmgzzq');
INSERT INTO `tb_province` VALUES ('210000', '辽宁省', 'Liaoning Province', 'liaoningsheng', 'lns');
INSERT INTO `tb_province` VALUES ('220000', '吉林省', 'Jilin Province', 'jilinsheng', 'jls');
INSERT INTO `tb_province` VALUES ('230000', '黑龙江省', 'Heilongjiang Province', 'heilongjiangsheng', 'hljs');
INSERT INTO `tb_province` VALUES ('310000', '上海市', 'Shanghai', 'shanghaishi', 'shs');
INSERT INTO `tb_province` VALUES ('320000', '江苏省', 'Jiangsu Province', 'jiangsusheng', 'jss');
INSERT INTO `tb_province` VALUES ('330000', '浙江省', 'Zhejiang Province', 'zhejiangsheng', 'zjs');
INSERT INTO `tb_province` VALUES ('340000', '安徽省', 'Anhui Province', 'anhuisheng', 'ahs');
INSERT INTO `tb_province` VALUES ('350000', '福建省', 'Fujian Province', 'fujiansheng', 'fjs');
INSERT INTO `tb_province` VALUES ('360000', '江西省', 'Jiangxi Province', 'jiangxisheng', 'jxs');
INSERT INTO `tb_province` VALUES ('370000', '山东省', 'Shandong Province', 'shandongsheng', 'sds');
INSERT INTO `tb_province` VALUES ('410000', '河南省', 'Henan Province', 'henansheng', 'hns');
INSERT INTO `tb_province` VALUES ('420000', '湖北省', 'Hubei Province', 'hubeisheng', 'hbs');
INSERT INTO `tb_province` VALUES ('430000', '湖南省', 'Hunan Province', 'hunansheng', 'hns');
INSERT INTO `tb_province` VALUES ('440000', '广东省', 'Guangdong Province', 'guangdongsheng', 'gds');
INSERT INTO `tb_province` VALUES ('450000', '广西壮族自治区', 'Guangxi Zhuang Autonomous Region', 'guangxizhuangzuzizhiqu', 'gxzzzzq');
INSERT INTO `tb_province` VALUES ('460000', '海南省', 'Hainan Province', 'hainansheng', 'hns');
INSERT INTO `tb_province` VALUES ('500000', '重庆市', 'Chongqing', 'zhongqingshi', 'zqs');
INSERT INTO `tb_province` VALUES ('510000', '四川省', 'Sichuan Province', 'sichuansheng', 'scs');
INSERT INTO `tb_province` VALUES ('520000', '贵州省', 'Guizhou Province', 'guizhousheng', 'gzs');
INSERT INTO `tb_province` VALUES ('530000', '云南省', 'Yunnan Province', 'yunnansheng', 'yns');
INSERT INTO `tb_province` VALUES ('540000', '西藏自治区', 'Tibet', 'xizangzizhiqu', 'xzzzq');
INSERT INTO `tb_province` VALUES ('610000', '陕西省', 'Shaanxi Province', 'shanxisheng', 'sxs');
INSERT INTO `tb_province` VALUES ('620000', '甘肃省', 'Gansu Province', 'gansusheng', 'gss');
INSERT INTO `tb_province` VALUES ('630000', '青海省', 'Qinghai Province', 'qinghaisheng', 'qhs');
INSERT INTO `tb_province` VALUES ('640000', '宁夏回族自治区', 'Ningxia Hui Autonomous Region', 'ningxiahuizuzizhiqu', 'nxhzzzq');
INSERT INTO `tb_province` VALUES ('650000', '新疆维吾尔自治区', 'Xinjiang Uygur Autonomous Region', 'xinjiangweiwuerzizhiqu', 'xjwwezzq');

INSERT INTO `tb_city` VALUES ('110100', '直辖市', '110000', 'City-governed district', 'zhixiashi', 'zxs');
INSERT INTO `tb_city` VALUES ('120100', '直辖市', '120000', 'City-governed district', 'zhixiashi', 'zxs');
INSERT INTO `tb_city` VALUES ('130100', '石家庄市', '130000', 'Shijiazhuang', 'shijiazhuangshi', 'sjzs');
INSERT INTO `tb_city` VALUES ('130200', '唐山市', '130000', 'Tangshan', 'tangshanshi', 'tss');
INSERT INTO `tb_city` VALUES ('130300', '秦皇岛市', '130000', ' Shijiazhuang', 'qinhuangdaoshi', 'qhds');
INSERT INTO `tb_city` VALUES ('130400', '邯郸市', '130000', 'Handan', 'handanshi', 'hds');
INSERT INTO `tb_city` VALUES ('130500', '邢台市', '130000', 'Xingtai', 'xingtaishi', 'xts');
INSERT INTO `tb_city` VALUES ('130600', '保定市', '130000', 'Baoding', 'baodingshi', 'bds');
INSERT INTO `tb_city` VALUES ('130700', '张家口市', '130000', 'Zhangjiakou', 'zhangjiakoushi', 'zjks');
INSERT INTO `tb_city` VALUES ('130800', '承德市', '130000', 'Chengde', 'chengdeshi', 'cds');
INSERT INTO `tb_city` VALUES ('130900', '沧州市', '130000', 'Cangzhou', 'cangzhoushi', 'czs');
INSERT INTO `tb_city` VALUES ('131000', '廊坊市', '130000', 'Langfang', 'langfangshi', 'lfs');
INSERT INTO `tb_city` VALUES ('131100', '衡水市', '130000', 'Hengshui', 'hengshuishi', 'hss');
INSERT INTO `tb_city` VALUES ('140100', '太原市', '140000', 'Taiyuan', 'taiyuanshi', 'tys');
INSERT INTO `tb_city` VALUES ('140200', '大同市', '140000', 'Datong', 'datongshi', 'dts');
INSERT INTO `tb_city` VALUES ('140300', '阳泉市', '140000', 'Yangquan', 'yangquanshi', 'yqs');
INSERT INTO `tb_city` VALUES ('140400', '长治市', '140000', 'Changzhi', 'zhangzhishi', 'zzs');
INSERT INTO `tb_city` VALUES ('140500', '晋城市', '140000', 'Jincheng', 'jinchengshi', 'jcs');
INSERT INTO `tb_city` VALUES ('140600', '朔州市', '140000', 'Shuozhou', 'shuozhoushi', 'szs');
INSERT INTO `tb_city` VALUES ('140700', '晋中市', '140000', 'Jinzhong', 'jinzhongshi', 'jzs');
INSERT INTO `tb_city` VALUES ('140800', '运城市', '140000', 'Yuncheng', 'yunchengshi', 'ycs');
INSERT INTO `tb_city` VALUES ('140900', '忻州市', '140000', 'Xinzhou', 'xinzhoushi', 'xzs');
INSERT INTO `tb_city` VALUES ('141000', '临汾市', '140000', 'Linfen', 'linfenshi', 'lfs');
INSERT INTO `tb_city` VALUES ('141100', '吕梁市', '140000', 'Lvliang', 'lvliangshi', 'lls');
INSERT INTO `tb_city` VALUES ('150100', '呼和浩特市', '150000', 'Huhehot', 'huhehaoteshi', 'hhhts');
INSERT INTO `tb_city` VALUES ('150200', '包头市', '150000', 'Baotou', 'baotoushi', 'bts');
INSERT INTO `tb_city` VALUES ('150300', '乌海市', '150000', 'Wuhai', 'wuhaishi', 'whs');
INSERT INTO `tb_city` VALUES ('150400', '赤峰市', '150000', 'Chifeng', 'chifengshi', 'cfs');
INSERT INTO `tb_city` VALUES ('150500', '通辽市', '150000', 'Tongliao', 'tongliaoshi', 'tls');
INSERT INTO `tb_city` VALUES ('150600', '鄂尔多斯市', '150000', 'Ordos', 'eerduosishi', 'eedss');
INSERT INTO `tb_city` VALUES ('150700', '呼伦贝尔市', '150000', 'Hulun Buir', 'hulunbeiershi', 'hlbes');
INSERT INTO `tb_city` VALUES ('150800', '巴彦淖尔市', '150000', 'Bayan Nur', 'bayannaoershi', 'bynes');
INSERT INTO `tb_city` VALUES ('150900', '乌兰察布市', '150000', 'Ulanqab', 'wulanchabushi', 'wlcbs');
INSERT INTO `tb_city` VALUES ('152200', '兴安盟', '150000', 'Hinggan League', 'xinganmeng', 'xam');
INSERT INTO `tb_city` VALUES ('152500', '锡林郭勒盟', '150000', 'Xilingol League', 'xilinguolemeng', 'xlglm');
INSERT INTO `tb_city` VALUES ('152900', '阿拉善盟', '150000', 'Alxa League', 'alashanmeng', 'alsm');
INSERT INTO `tb_city` VALUES ('210100', '沈阳市', '210000', 'Shenyang', 'shenyangshi', 'sys');
INSERT INTO `tb_city` VALUES ('210200', '大连市', '210000', 'Dalian', 'dalianshi', 'dls');
INSERT INTO `tb_city` VALUES ('210300', '鞍山市', '210000', 'Anshan', 'anshanshi', 'ass');
INSERT INTO `tb_city` VALUES ('210400', '抚顺市', '210000', 'Fushun', 'fushunshi', 'fss');
INSERT INTO `tb_city` VALUES ('210500', '本溪市', '210000', 'Benxi', 'benxishi', 'bxs');
INSERT INTO `tb_city` VALUES ('210600', '丹东市', '210000', 'Dandong', 'dandongshi', 'dds');
INSERT INTO `tb_city` VALUES ('210700', '锦州市', '210000', 'Jinzhou', 'jinzhoushi', 'jzs');
INSERT INTO `tb_city` VALUES ('210800', '营口市', '210000', 'Yingkou', 'yingkoushi', 'yks');
INSERT INTO `tb_city` VALUES ('210900', '阜新市', '210000', 'Huxin', 'fuxinshi', 'fxs');
INSERT INTO `tb_city` VALUES ('211000', '辽阳市', '210000', 'Liaoyang', 'liaoyangshi', 'lys');
INSERT INTO `tb_city` VALUES ('211100', '盘锦市', '210000', 'Panjin', 'panjinshi', 'pjs');
INSERT INTO `tb_city` VALUES ('211200', '铁岭市', '210000', 'Tieling', 'tielingshi', 'tls');
INSERT INTO `tb_city` VALUES ('211300', '朝阳市', '210000', 'Chaoyang', 'chaoyangshi', 'cys');
INSERT INTO `tb_city` VALUES ('211400', '葫芦岛市', '210000', 'Huludao', 'huludaoshi', 'hlds');
INSERT INTO `tb_city` VALUES ('220100', '长春市', '220000', 'Changchun', 'zhangchunshi', 'zcs');
INSERT INTO `tb_city` VALUES ('220200', '吉林市', '220000', 'Jilin', 'jilinshi', 'jls');
INSERT INTO `tb_city` VALUES ('220300', '四平市', '220000', 'Siping', 'sipingshi', 'sps');
INSERT INTO `tb_city` VALUES ('220400', '辽源市', '220000', 'Liaoyuan', 'liaoyuanshi', 'lys');
INSERT INTO `tb_city` VALUES ('220500', '通化市', '220000', 'Tonghua', 'tonghuashi', 'ths');
INSERT INTO `tb_city` VALUES ('220600', '白山市', '220000', 'Baishan', 'baishanshi', 'bss');
INSERT INTO `tb_city` VALUES ('220700', '松原市', '220000', 'Songyuan', 'songyuanshi', 'sys');
INSERT INTO `tb_city` VALUES ('220800', '白城市', '220000', 'Baicheng', 'baichengshi', 'bcs');
INSERT INTO `tb_city` VALUES ('222400', '延边朝鲜族自治州', '220000', 'Yanbian Korean Autonomous Prefecture', 'yanbianchaoxianzuzizhizhou', 'ybcxzzzz');
INSERT INTO `tb_city` VALUES ('230100', '哈尔滨市', '230000', 'Harbin', 'haerbinshi', 'hebs');
INSERT INTO `tb_city` VALUES ('230200', '齐齐哈尔市', '230000', 'Qiqihar', 'qiqihaershi', 'qqhes');
INSERT INTO `tb_city` VALUES ('230300', '鸡西市', '230000', 'Jixi', 'jixishi', 'jxs');
INSERT INTO `tb_city` VALUES ('230400', '鹤岗市', '230000', 'Heigang', 'hegangshi', 'hgs');
INSERT INTO `tb_city` VALUES ('230500', '双鸭山市', '230000', 'Shuangyashan', 'shuangyashanshi', 'syss');
INSERT INTO `tb_city` VALUES ('230600', '大庆市', '230000', 'Daqing', 'daqingshi', 'dqs');
INSERT INTO `tb_city` VALUES ('230700', '伊春市', '230000', 'Yichun', 'yichunshi', 'ycs');
INSERT INTO `tb_city` VALUES ('230800', '佳木斯市', '230000', 'Jiamusi', 'jiamusishi', 'jmss');
INSERT INTO `tb_city` VALUES ('230900', '七台河市', '230000', 'Qitaihe', 'qitaiheshi', 'qths');
INSERT INTO `tb_city` VALUES ('231000', '牡丹江市', '230000', 'Mudanjiang', 'mudanjiangshi', 'mdjs');
INSERT INTO `tb_city` VALUES ('231100', '黑河市', '230000', 'Heihe', 'heiheshi', 'hhs');
INSERT INTO `tb_city` VALUES ('231200', '绥化市', '230000', 'Suihua', 'suihuashi', 'shs');
INSERT INTO `tb_city` VALUES ('232700', '大兴安岭地区', '230000', 'DaXingAnLing', 'daxinganlingdiqu', 'dxaldq');
INSERT INTO `tb_city` VALUES ('310100', '直辖市', '310000', 'City-governed district', 'zhixiashi', 'zxs');
INSERT INTO `tb_city` VALUES ('320100', '南京市', '320000', 'Nanjing', 'nanjingshi', 'njs');
INSERT INTO `tb_city` VALUES ('320200', '无锡市', '320000', 'Wuxi', 'wuxishi', 'wxs');
INSERT INTO `tb_city` VALUES ('320300', '徐州市', '320000', 'Xuzhou', 'xuzhoushi', 'xzs');
INSERT INTO `tb_city` VALUES ('320400', '常州市', '320000', 'Changzhou', 'changzhoushi', 'czs');
INSERT INTO `tb_city` VALUES ('320500', '苏州市', '320000', 'Suzhou', 'suzhoushi', 'szs');
INSERT INTO `tb_city` VALUES ('320600', '南通市', '320000', 'Nantong', 'nantongshi', 'nts');
INSERT INTO `tb_city` VALUES ('320700', '连云港市', '320000', 'Lianyungang', 'lianyungangshi', 'lygs');
INSERT INTO `tb_city` VALUES ('320800', '淮安市', '320000', 'Huaian', 'huaianshi', 'has');
INSERT INTO `tb_city` VALUES ('320900', '盐城市', '320000', 'Yancheng', 'yanchengshi', 'ycs');
INSERT INTO `tb_city` VALUES ('321000', '扬州市', '320000', 'Yangzhou', 'yangzhoushi', 'yzs');
INSERT INTO `tb_city` VALUES ('321100', '镇江市', '320000', 'Zhenjiang', 'zhenjiangshi', 'zjs');
INSERT INTO `tb_city` VALUES ('321200', '泰州市', '320000', 'Taizhou', 'taizhoushi', 'tzs');
INSERT INTO `tb_city` VALUES ('321300', '宿迁市', '320000', 'Suqian', 'suqianshi', 'sqs');
INSERT INTO `tb_city` VALUES ('330100', '杭州市', '330000', 'Hangzhou', 'hangzhoushi', 'hzs');
INSERT INTO `tb_city` VALUES ('330200', '宁波市', '330000', 'Ningbo', 'ningboshi', 'nbs');
INSERT INTO `tb_city` VALUES ('330300', '温州市', '330000', 'Wenzhou', 'wenzhoushi', 'wzs');
INSERT INTO `tb_city` VALUES ('330400', '嘉兴市', '330000', 'Jiaxing', 'jiaxingshi', 'jxs');
INSERT INTO `tb_city` VALUES ('330500', '湖州市', '330000', 'Huzhou', 'huzhoushi', 'hzs');
INSERT INTO `tb_city` VALUES ('330600', '绍兴市', '330000', 'Shaoxing', 'shaoxingshi', 'sxs');
INSERT INTO `tb_city` VALUES ('330700', '金华市', '330000', 'Jinhua', 'jinhuashi', 'jhs');
INSERT INTO `tb_city` VALUES ('330800', '衢州市', '330000', 'Quzhou', 'quzhoushi', 'qzs');
INSERT INTO `tb_city` VALUES ('330900', '舟山市', '330000', 'Zhoushan', 'zhoushanshi', 'zss');
INSERT INTO `tb_city` VALUES ('331000', '台州市', '330000', 'Taizhou', 'taizhoushi', 'tzs');
INSERT INTO `tb_city` VALUES ('331100', '丽水市', '330000', 'Lishui', 'lishuishi', 'lss');
INSERT INTO `tb_city` VALUES ('340100', '合肥市', '340000', 'Hefei', 'hefeishi', 'hfs');
INSERT INTO `tb_city` VALUES ('340200', '芜湖市', '340000', 'Wuhu', 'wuhushi', 'whs');
INSERT INTO `tb_city` VALUES ('340300', '蚌埠市', '340000', 'Bengbu', 'bangbushi', 'bbs');
INSERT INTO `tb_city` VALUES ('340400', '淮南市', '340000', 'Huainan', 'huainanshi', 'hns');
INSERT INTO `tb_city` VALUES ('340500', '马鞍山市', '340000', 'Maanshan', 'maanshanshi', 'mass');
INSERT INTO `tb_city` VALUES ('340600', '淮北市', '340000', 'Huaibei', 'huaibeishi', 'hbs');
INSERT INTO `tb_city` VALUES ('340700', '铜陵市', '340000', 'Tongling', 'tonglingshi', 'tls');
INSERT INTO `tb_city` VALUES ('340800', '安庆市', '340000', 'Anqing', 'anqingshi', 'aqs');
INSERT INTO `tb_city` VALUES ('341000', '黄山市', '340000', 'Huangshan', 'huangshanshi', 'hss');
INSERT INTO `tb_city` VALUES ('341100', '滁州市', '340000', 'Chuzhou', 'chuzhoushi', 'czs');
INSERT INTO `tb_city` VALUES ('341200', '阜阳市', '340000', 'Fuyang', 'fuyangshi', 'fys');
INSERT INTO `tb_city` VALUES ('341300', '宿州市', '340000', 'Suzhou', 'suzhoushi', 'szs');
INSERT INTO `tb_city` VALUES ('341400', '巢湖市', '340000', 'Chaohu', 'chaohushi', 'chs');
INSERT INTO `tb_city` VALUES ('341500', '六安市', '340000', 'Liuan', 'liuanshi', 'las');
INSERT INTO `tb_city` VALUES ('341600', '亳州市', '340000', 'Haozhou', 'bozhoushi', 'bzs');
INSERT INTO `tb_city` VALUES ('341700', '池州市', '340000', 'Chizhou', 'chizhoushi', 'czs');
INSERT INTO `tb_city` VALUES ('341800', '宣城市', '340000', 'Xuancheng', 'xuanchengshi', 'xcs');
INSERT INTO `tb_city` VALUES ('350100', '福州市', '350000', 'Fuzhou', 'fuzhoushi', 'fzs');
INSERT INTO `tb_city` VALUES ('350200', '厦门市', '350000', 'Xiamen', 'shamenshi', 'sms');
INSERT INTO `tb_city` VALUES ('350300', '莆田市', '350000', 'Putian', 'putianshi', 'pts');
INSERT INTO `tb_city` VALUES ('350400', '三明市', '350000', 'Sanming', 'sanmingshi', 'sms');
INSERT INTO `tb_city` VALUES ('350500', '泉州市', '350000', 'Quanzhou', 'quanzhoushi', 'qzs');
INSERT INTO `tb_city` VALUES ('350600', '漳州市', '350000', 'Zhangzhou', 'zhangzhoushi', 'zzs');
INSERT INTO `tb_city` VALUES ('350700', '南平市', '350000', 'Nanping', 'nanpingshi', 'nps');
INSERT INTO `tb_city` VALUES ('350800', '龙岩市', '350000', 'Longyan', 'longyanshi', 'lys');
INSERT INTO `tb_city` VALUES ('350900', '宁德市', '350000', 'Ningde', 'ningdeshi', 'nds');
INSERT INTO `tb_city` VALUES ('360100', '南昌市', '360000', 'Nanchang', 'nanchangshi', 'ncs');
INSERT INTO `tb_city` VALUES ('360200', '景德镇市', '360000', 'Jingdezhen', 'jingdezhenshi', 'jdzs');
INSERT INTO `tb_city` VALUES ('360300', '萍乡市', '360000', 'Pingxiang', 'pingxiangshi', 'pxs');
INSERT INTO `tb_city` VALUES ('360400', '九江市', '360000', 'Jiujiang', 'jiujiangshi', 'jjs');
INSERT INTO `tb_city` VALUES ('360500', '新余市', '360000', 'Xinyu', 'xinyushi', 'xys');
INSERT INTO `tb_city` VALUES ('360600', '鹰潭市', '360000', 'Yingtan', 'yingtanshi', 'yts');
INSERT INTO `tb_city` VALUES ('360700', '赣州市', '360000', 'Ganzhou', 'ganzhoushi', 'gzs');
INSERT INTO `tb_city` VALUES ('360800', '吉安市', '360000', 'Jian', 'jianshi', 'jas');
INSERT INTO `tb_city` VALUES ('360900', '宜春市', '360000', 'Yichun', 'yichunshi', 'ycs');
INSERT INTO `tb_city` VALUES ('361000', '抚州市', '360000', 'Fuzhou', 'fuzhoushi', 'fzs');
INSERT INTO `tb_city` VALUES ('361100', '上饶市', '360000', 'Shangrao', 'shangraoshi', 'srs');
INSERT INTO `tb_city` VALUES ('370100', '济南市', '370000', 'Jinan', 'jinanshi', 'jns');
INSERT INTO `tb_city` VALUES ('370200', '青岛市', '370000', 'Qingdao', 'qingdaoshi', 'qds');
INSERT INTO `tb_city` VALUES ('370300', '淄博市', '370000', 'Zibo', 'ziboshi', 'zbs');
INSERT INTO `tb_city` VALUES ('370400', '枣庄市', '370000', 'Zaozhuang', 'zaozhuangshi', 'zzs');
INSERT INTO `tb_city` VALUES ('370500', '东营市', '370000', 'Dongying', 'dongyingshi', 'dys');
INSERT INTO `tb_city` VALUES ('370600', '烟台市', '370000', 'Yantai', 'yantaishi', 'yts');
INSERT INTO `tb_city` VALUES ('370700', '潍坊市', '370000', 'Weifang', 'weifangshi', 'wfs');
INSERT INTO `tb_city` VALUES ('370800', '济宁市', '370000', 'Jining', 'jiningshi', 'jns');
INSERT INTO `tb_city` VALUES ('370900', '泰安市', '370000', 'Taian', 'taianshi', 'tas');
INSERT INTO `tb_city` VALUES ('371000', '威海市', '370000', 'Weihai', 'weihaishi', 'whs');
INSERT INTO `tb_city` VALUES ('371100', '日照市', '370000', 'Rizhao', 'rizhaoshi', 'rzs');
INSERT INTO `tb_city` VALUES ('371200', '莱芜市', '370000', 'Laiwu', 'laiwushi', 'lws');
INSERT INTO `tb_city` VALUES ('371300', '临沂市', '370000', 'Linyi', 'linyishi', 'lys');
INSERT INTO `tb_city` VALUES ('371400', '德州市', '370000', 'Dezhou', 'dezhoushi', 'dzs');
INSERT INTO `tb_city` VALUES ('371500', '聊城市', '370000', 'Liaocheng', 'liaochengshi', 'lcs');
INSERT INTO `tb_city` VALUES ('371600', '滨州市', '370000', 'Binzhou', 'binzhoushi', 'bzs');
INSERT INTO `tb_city` VALUES ('371700', '菏泽市', '370000', 'Heze', 'hezeshi', 'hzs');
INSERT INTO `tb_city` VALUES ('410100', '郑州市', '410000', 'Zhengzhou', 'zhengzhoushi', 'zzs');
INSERT INTO `tb_city` VALUES ('410200', '开封市', '410000', 'Kaifeng', 'kaifengshi', 'kfs');
INSERT INTO `tb_city` VALUES ('410300', '洛阳市', '410000', 'Luoyang', 'luoyangshi', 'lys');
INSERT INTO `tb_city` VALUES ('410400', '平顶山市', '410000', 'Pingdingshan', 'pingdingshanshi', 'pdss');
INSERT INTO `tb_city` VALUES ('410500', '安阳市', '410000', 'Anyang', 'anyangshi', 'ays');
INSERT INTO `tb_city` VALUES ('410600', '鹤壁市', '410000', 'Hebi', 'hebishi', 'hbs');
INSERT INTO `tb_city` VALUES ('410700', '新乡市', '410000', 'Xinxiang', 'xinxiangshi', 'xxs');
INSERT INTO `tb_city` VALUES ('410800', '焦作市', '410000', 'Jiaozuo', 'jiaozuoshi', 'jzs');
INSERT INTO `tb_city` VALUES ('410900', '濮阳市', '410000', 'Puyang', 'puyangshi', 'pys');
INSERT INTO `tb_city` VALUES ('411000', '许昌市', '410000', 'Xuchang', 'xuchangshi', 'xcs');
INSERT INTO `tb_city` VALUES ('411100', '漯河市', '410000', 'Luohe', 'luoheshi', 'lhs');
INSERT INTO `tb_city` VALUES ('411200', '三门峡市', '410000', 'Sanmenxia', 'sanmenxiashi', 'smxs');
INSERT INTO `tb_city` VALUES ('411300', '南阳市', '410000', 'Nanyang', 'nanyangshi', 'nys');
INSERT INTO `tb_city` VALUES ('411400', '商丘市', '410000', 'Shangqiu', 'shangqiushi', 'sqs');
INSERT INTO `tb_city` VALUES ('411500', '信阳市', '410000', 'Xinyang', 'xinyangshi', 'xys');
INSERT INTO `tb_city` VALUES ('411600', '周口市', '410000', 'Zhoukou', 'zhoukoushi', 'zks');
INSERT INTO `tb_city` VALUES ('411700', '驻马店市', '410000', 'Zhumadian', 'zhumadianshi', 'zmds');
INSERT INTO `tb_city` VALUES ('411800', '济源市', '410000', 'Jiyuan', 'jiyuanshi', 'jys');
INSERT INTO `tb_city` VALUES ('420100', '武汉市', '420000', 'Wuhan', 'wuhanshi', 'whs');
INSERT INTO `tb_city` VALUES ('420200', '黄石市', '420000', 'Huangshi', 'huangshishi', 'hss');
INSERT INTO `tb_city` VALUES ('420300', '十堰市', '420000', 'Shiyan', 'shiyanshi', 'sys');
INSERT INTO `tb_city` VALUES ('420500', '宜昌市', '420000', 'Yichang', 'yichangshi', 'ycs');
INSERT INTO `tb_city` VALUES ('420600', '襄樊市', '420000', 'Xiangfan', 'xiangfanshi', 'xfs');
INSERT INTO `tb_city` VALUES ('420700', '鄂州市', '420000', 'E`zhou', 'ezhoushi', 'ezs');
INSERT INTO `tb_city` VALUES ('420800', '荆门市', '420000', 'Jinmen', 'jingmenshi', 'jms');
INSERT INTO `tb_city` VALUES ('420900', '孝感市', '420000', 'Xiaogan', 'xiaoganshi', 'xgs');
INSERT INTO `tb_city` VALUES ('421000', '荆州市', '420000', 'Jinzhou', 'jingzhoushi', 'jzs');
INSERT INTO `tb_city` VALUES ('421100', '黄冈市', '420000', 'Hanggang', 'huanggangshi', 'hgs');
INSERT INTO `tb_city` VALUES ('421200', '咸宁市', '420000', 'Xianning', 'xianningshi', 'xns');
INSERT INTO `tb_city` VALUES ('421300', '随州市', '420000', 'Suizhou', 'suizhoushi', 'szs');
INSERT INTO `tb_city` VALUES ('422800', '恩施土家族苗族自治州', '420000', 'Enshi Tujia and Miao Autonomous Prefecture', 'enshitujiazumiaozuzizhizhou', 'estjzmzzzz');
INSERT INTO `tb_city` VALUES ('429000', '省直辖行政单位', '420000', 'City-governed district', 'shengzhixiaxingzhengdanwei', 'szxxzdw');
INSERT INTO `tb_city` VALUES ('430100', '长沙市', '430000', 'Changsha', 'zhangshashi', 'zss');
INSERT INTO `tb_city` VALUES ('430200', '株洲市', '430000', 'Zhuzhou', 'zhuzhoushi', 'zzs');
INSERT INTO `tb_city` VALUES ('430300', '湘潭市', '430000', 'Xiangtan', 'xiangtanshi', 'xts');
INSERT INTO `tb_city` VALUES ('430400', '衡阳市', '430000', 'Hengyang', 'hengyangshi', 'hys');
INSERT INTO `tb_city` VALUES ('430500', '邵阳市', '430000', 'Shaoyang', 'shaoyangshi', 'sys');
INSERT INTO `tb_city` VALUES ('430600', '岳阳市', '430000', 'Yueyang', 'yueyangshi', 'yys');
INSERT INTO `tb_city` VALUES ('430700', '常德市', '430000', 'Changde', 'changdeshi', 'cds');
INSERT INTO `tb_city` VALUES ('430800', '张家界市', '430000', 'Zhangjiajie', 'zhangjiajieshi', 'zjjs');
INSERT INTO `tb_city` VALUES ('430900', '益阳市', '430000', 'Yiyang', 'yiyangshi', 'yys');
INSERT INTO `tb_city` VALUES ('431000', '郴州市', '430000', 'Chenzhou', 'chenzhoushi', 'czs');
INSERT INTO `tb_city` VALUES ('431100', '永州市', '430000', 'Yongzhou', 'yongzhoushi', 'yzs');
INSERT INTO `tb_city` VALUES ('431200', '怀化市', '430000', 'Huaihua', 'huaihuashi', 'hhs');
INSERT INTO `tb_city` VALUES ('431300', '娄底市', '430000', 'Loudi', 'loudishi', 'lds');
INSERT INTO `tb_city` VALUES ('433100', '湘西土家族苗族自治州', '430000', 'Xiangxi Tujia and Miao Autonomous Prefecture', 'xiangxitujiazumiaozuzizhizhou', 'xxtjzmzzzz');
INSERT INTO `tb_city` VALUES ('440100', '广州市', '440000', 'Guangzhou', 'guangzhoushi', 'gzs');
INSERT INTO `tb_city` VALUES ('440200', '韶关市', '440000', 'Shaoguan', 'shaoguanshi', 'sgs');
INSERT INTO `tb_city` VALUES ('440300', '深圳市', '440000', 'Shenzhen', 'shenzhenshi', 'szs');
INSERT INTO `tb_city` VALUES ('440400', '珠海市', '440000', 'Zhuhai', 'zhuhaishi', 'zhs');
INSERT INTO `tb_city` VALUES ('440500', '汕头市', '440000', 'Shantou', 'shantoushi', 'sts');
INSERT INTO `tb_city` VALUES ('440600', '佛山市', '440000', 'Foshan', 'foshanshi', 'fss');
INSERT INTO `tb_city` VALUES ('440700', '江门市', '440000', 'Jiangmen', 'jiangmenshi', 'jms');
INSERT INTO `tb_city` VALUES ('440800', '湛江市', '440000', 'Zhanjiang', 'zhanjiangshi', 'zjs');
INSERT INTO `tb_city` VALUES ('440900', '茂名市', '440000', 'Maoming', 'maomingshi', 'mms');
INSERT INTO `tb_city` VALUES ('441200', '肇庆市', '440000', 'Shiuhing', 'zhaoqingshi', 'zqs');
INSERT INTO `tb_city` VALUES ('441300', '惠州市', '440000', 'Huizhou', 'huizhoushi', 'hzs');
INSERT INTO `tb_city` VALUES ('441400', '梅州市', '440000', 'Meizhou', 'meizhoushi', 'mzs');
INSERT INTO `tb_city` VALUES ('441500', '汕尾市', '440000', 'Shanwei', 'shanweishi', 'sws');
INSERT INTO `tb_city` VALUES ('441600', '河源市', '440000', 'Heyuan', 'heyuanshi', 'hys');
INSERT INTO `tb_city` VALUES ('441700', '阳江市', '440000', 'Yangjiang', 'yangjiangshi', 'yjs');
INSERT INTO `tb_city` VALUES ('441800', '清远市', '440000', 'Qingyuan', 'qingyuanshi', 'qys');
INSERT INTO `tb_city` VALUES ('441900', '东莞市', '440000', 'Dongguan', 'dongguanshi', 'dgs');
INSERT INTO `tb_city` VALUES ('442000', '中山市', '440000', 'Zhongshan', 'zhongshanshi', 'zss');
INSERT INTO `tb_city` VALUES ('445100', '潮州市', '440000', 'Chaozhou', 'chaozhoushi', 'czs');
INSERT INTO `tb_city` VALUES ('445200', '揭阳市', '440000', 'Jieyang', 'jieyangshi', 'jys');
INSERT INTO `tb_city` VALUES ('445300', '云浮市', '440000', 'Yunfu', 'yunfushi', 'yfs');
INSERT INTO `tb_city` VALUES ('450100', '南宁市', '450000', 'Nanning', 'nanningshi', 'nns');
INSERT INTO `tb_city` VALUES ('450200', '柳州市', '450000', 'Liuzhou', 'liuzhoushi', 'lzs');
INSERT INTO `tb_city` VALUES ('450300', '桂林市', '450000', 'Guilin', 'guilinshi', 'gls');
INSERT INTO `tb_city` VALUES ('450400', '梧州市', '450000', 'Wuzhou', 'wuzhoushi', 'wzs');
INSERT INTO `tb_city` VALUES ('450500', '北海市', '450000', 'Beihai', 'beihaishi', 'bhs');
INSERT INTO `tb_city` VALUES ('450600', '防城港市', '450000', 'Fangchenggang', 'fangchenggangshi', 'fcgs');
INSERT INTO `tb_city` VALUES ('450700', '钦州市', '450000', 'Qinzhou', 'qinzhoushi', 'qzs');
INSERT INTO `tb_city` VALUES ('450800', '贵港市', '450000', 'Guigang', 'guigangshi', 'ggs');
INSERT INTO `tb_city` VALUES ('450900', '玉林市', '450000', 'Yulin', 'yulinshi', 'yls');
INSERT INTO `tb_city` VALUES ('451000', '百色市', '450000', 'Baise', 'baiseshi', 'bss');
INSERT INTO `tb_city` VALUES ('451100', '贺州市', '450000', 'Hezhou', 'hezhoushi', 'hzs');
INSERT INTO `tb_city` VALUES ('451200', '河池市', '450000', 'Heichi', 'hechishi', 'hcs');
INSERT INTO `tb_city` VALUES ('451300', '来宾市', '450000', 'Laibin', 'laibinshi', 'lbs');
INSERT INTO `tb_city` VALUES ('451400', '崇左市', '450000', 'Chongzuo', 'chongzuoshi', 'czs');
INSERT INTO `tb_city` VALUES ('460100', '海口市', '460000', 'Haikou', 'haikoushi', 'hks');
INSERT INTO `tb_city` VALUES ('460200', '三亚市', '460000', 'Sanya', 'sanyashi', 'sys');
INSERT INTO `tb_city` VALUES ('469000', '省直辖县级行政单位', '460000', 'City-governed district', 'shengzhixiaxianjixingzhengdanwei', 'szxxjxzdw');
INSERT INTO `tb_city` VALUES ('500100', '直辖市', '500000', 'City-governed district', 'zhixiashi', 'zxs');
INSERT INTO `tb_city` VALUES ('500300', '直辖市', '500000', 'City-governed district', 'zhixiashi', 'zxs');
INSERT INTO `tb_city` VALUES ('510100', '成都市', '510000', 'Chengdu', 'chengdoushi', 'cds');
INSERT INTO `tb_city` VALUES ('510300', '自贡市', '510000', 'Zigong', 'zigongshi', 'zgs');
INSERT INTO `tb_city` VALUES ('510400', '攀枝花市', '510000', 'Panzhihua', 'panzhihuashi', 'pzhs');
INSERT INTO `tb_city` VALUES ('510500', '泸州市', '510000', 'Luzhou', 'luzhoushi', 'lzs');
INSERT INTO `tb_city` VALUES ('510600', '德阳市', '510000', 'Deyang', 'deyangshi', 'dys');
INSERT INTO `tb_city` VALUES ('510700', '绵阳市', '510000', 'Mianyang', 'mianyangshi', 'mys');
INSERT INTO `tb_city` VALUES ('510800', '广元市', '510000', 'Guangyuan', 'guangyuanshi', 'gys');
INSERT INTO `tb_city` VALUES ('510900', '遂宁市', '510000', 'Suining', 'suiningshi', 'sns');
INSERT INTO `tb_city` VALUES ('511000', '内江市', '510000', 'Neijiang', 'neijiangshi', 'njs');
INSERT INTO `tb_city` VALUES ('511100', '乐山市', '510000', 'Leshan', 'leshanshi', 'lss');
INSERT INTO `tb_city` VALUES ('511300', '南充市', '510000', 'Nanchong', 'nanchongshi', 'ncs');
INSERT INTO `tb_city` VALUES ('511400', '眉山市', '510000', 'Meishan', 'meishanshi', 'mss');
INSERT INTO `tb_city` VALUES ('511500', '宜宾市', '510000', 'Xuanbin', 'yibinshi', 'ybs');
INSERT INTO `tb_city` VALUES ('511600', '广安市', '510000', 'Guangan', 'guanganshi', 'gas');
INSERT INTO `tb_city` VALUES ('511700', '达州市', '510000', 'Dazhou', 'dazhoushi', 'dzs');
INSERT INTO `tb_city` VALUES ('511800', '雅安市', '510000', 'Yaan', 'yaanshi', 'yas');
INSERT INTO `tb_city` VALUES ('511900', '巴中市', '510000', 'Bazhong', 'bazhongshi', 'bzs');
INSERT INTO `tb_city` VALUES ('512000', '资阳市', '510000', 'Ziyang', 'ziyangshi', 'zys');
INSERT INTO `tb_city` VALUES ('513200', '阿坝藏族羌族自治州', '510000', 'Tibetan Qiang Autonomous Prefecture of Ngawa', 'abazangzuqiangzuzizhizhou', 'abzzqzzzz');
INSERT INTO `tb_city` VALUES ('513300', '甘孜藏族自治州', '510000', 'Tibetan Autonomous Prefecture of Garzê', 'ganzizangzuzizhizhou', 'gzzzzzz');
INSERT INTO `tb_city` VALUES ('513400', '凉山彝族自治州', '510000', 'Liangshan Yi Autonomous Prefecture', 'liangshanyizuzizhizhou', 'lsyzzzz');
INSERT INTO `tb_city` VALUES ('520100', '贵阳市', '520000', 'Guiyang', 'guiyangshi', 'gys');
INSERT INTO `tb_city` VALUES ('520200', '六盘水市', '520000', 'Liupanshui', 'liupanshuishi', 'lpss');
INSERT INTO `tb_city` VALUES ('520300', '遵义市', '520000', 'Zunyi', 'zunyishi', 'zys');
INSERT INTO `tb_city` VALUES ('520400', '安顺市', '520000', 'Anshun', 'anshunshi', 'ass');
INSERT INTO `tb_city` VALUES ('522200', '铜仁地区', '520000', 'Tongren ', 'tongrendiqu', 'trdq');
INSERT INTO `tb_city` VALUES ('522300', '黔西南布依族苗族自治州', '520000', 'Southwest Guizhou Autonomous Prefecture', 'qianxinanbuyizumiaozuzizhizhou', 'qxnbyzmzzzz');
INSERT INTO `tb_city` VALUES ('522400', '毕节地区', '520000', 'Bijie', 'bijiediqu', 'bjdq');
INSERT INTO `tb_city` VALUES ('522600', '黔东南苗族侗族自治州', '520000', 'Qiandongnan Miao and Dong Autonomous ', 'qiandongnanmiaozudongzuzizhizhou', 'qdnmzdzzzz');
INSERT INTO `tb_city` VALUES ('522700', '黔南布依族苗族自治州', '520000', 'Buyi and Miao Autonomous Prefecture of QianNan', 'qiannanbuyizumiaozuzizhizhou', 'qnbyzmzzzz');
INSERT INTO `tb_city` VALUES ('530100', '昆明市', '530000', 'Kunming', 'kunmingshi', 'kms');
INSERT INTO `tb_city` VALUES ('530300', '曲靖市', '530000', 'Qujing', 'qujingshi', 'qjs');
INSERT INTO `tb_city` VALUES ('530400', '玉溪市', '530000', 'Yuxi', 'yuxishi', 'yxs');
INSERT INTO `tb_city` VALUES ('530500', '保山市', '530000', 'Baoshan', 'baoshanshi', 'bss');
INSERT INTO `tb_city` VALUES ('530600', '昭通市', '530000', 'Zhaotong', 'zhaotongshi', 'zts');
INSERT INTO `tb_city` VALUES ('530700', '丽江市', '530000', 'Lijiang', 'lijiangshi', 'ljs');
INSERT INTO `tb_city` VALUES ('530800', '普洱市', '530000', 'Puer', 'puershi', 'pes');
INSERT INTO `tb_city` VALUES ('530900', '临沧市', '530000', 'Lincang', 'lincangshi', 'lcs');
INSERT INTO `tb_city` VALUES ('532300', '楚雄彝族自治州', '530000', 'weichu', 'chuxiongyizuzizhizhou', 'cxyzzzz');
INSERT INTO `tb_city` VALUES ('532500', '红河哈尼族彝族自治州', '530000', 'Hani-Yi Autonomous Prefecture of Honghe', 'honghehanizuyizuzizhizhou', 'hhhnzyzzzz');
INSERT INTO `tb_city` VALUES ('532600', '文山壮族苗族自治州', '530000', 'Wenshan Zhuang and Miao Autonomous Prefecture', 'wenshanzhuangzumiaozuzizhizhou', 'wszzmzzzz');
INSERT INTO `tb_city` VALUES ('532800', '西双版纳傣族自治州', '530000', 'Sipsongpanna', 'xishuangbannadaizuzizhizhou', 'xsbndzzzz');
INSERT INTO `tb_city` VALUES ('532900', '大理白族自治州', '530000', 'Dali Bai Autonomous Prefecture', 'dalibaizuzizhizhou', 'dlbzzzz');
INSERT INTO `tb_city` VALUES ('533100', '德宏傣族景颇族自治州', '530000', 'Dehong  Autonomous Prefecture', 'dehongdaizujingpozuzizhizhou', 'dhdzjpzzzz');
INSERT INTO `tb_city` VALUES ('533300', '怒江傈僳族自治州', '530000', 'Nujiang of the Lisu Autonomous Prefecture', 'nujianglisuzuzizhizhou', 'njlszzzz');
INSERT INTO `tb_city` VALUES ('533400', '迪庆藏族自治州', '530000', 'Diqing Tibetan Autonomous Prefecture', 'diqingzangzuzizhizhou', 'dqzzzzz');
INSERT INTO `tb_city` VALUES ('540100', '拉萨市', '540000', 'Lhasa', 'lasashi', 'lss');
INSERT INTO `tb_city` VALUES ('542100', '昌都地区', '540000', 'Qamdo ', 'changdoudiqu', 'cddq');
INSERT INTO `tb_city` VALUES ('542200', '山南地区', '540000', 'Lhoka', 'shannandiqu', 'sndq');
INSERT INTO `tb_city` VALUES ('542300', '日喀则地区', '540000', 'Shigatse', 'rikazediqu', 'rkzdq');
INSERT INTO `tb_city` VALUES ('542400', '那曲地区', '540000', 'Nagqu Prefecture', 'neiqudiqu', 'nqdq');
INSERT INTO `tb_city` VALUES ('542500', '阿里地区', '540000', 'Ngari Prefecture', 'alidiqu', 'aldq');
INSERT INTO `tb_city` VALUES ('542600', '林芝地区', '540000', 'Nyingchi', 'linzhidiqu', 'lzdq');
INSERT INTO `tb_city` VALUES ('610100', '西安市', '610000', 'Xian', 'xianshi', 'xas');
INSERT INTO `tb_city` VALUES ('610200', '铜川市', '610000', 'Tongchuan', 'tongchuanshi', 'tcs');
INSERT INTO `tb_city` VALUES ('610300', '宝鸡市', '610000', 'Baoji', 'baojishi', 'bjs');
INSERT INTO `tb_city` VALUES ('610400', '咸阳市', '610000', 'Xianyang', 'xianyangshi', 'xys');
INSERT INTO `tb_city` VALUES ('610500', '渭南市', '610000', 'Huainan', 'weinanshi', 'wns');
INSERT INTO `tb_city` VALUES ('610600', '延安市', '610000', 'Yanan', 'yananshi', 'yas');
INSERT INTO `tb_city` VALUES ('610700', '汉中市', '610000', 'Hanzhong', 'hanzhongshi', 'hzs');
INSERT INTO `tb_city` VALUES ('610800', '榆林市', '610000', 'Yulin', 'yulinshi', 'yls');
INSERT INTO `tb_city` VALUES ('610900', '安康市', '610000', 'Ankang', 'ankangshi', 'aks');
INSERT INTO `tb_city` VALUES ('611000', '商洛市', '610000', 'Shangluo', 'shangluoshi', 'sls');
INSERT INTO `tb_city` VALUES ('620100', '兰州市', '620000', 'Lanzhou', 'lanzhoushi', 'lzs');
INSERT INTO `tb_city` VALUES ('620200', '嘉峪关市', '620000', 'Jiayuguan', 'jiayuguanshi', 'jygs');
INSERT INTO `tb_city` VALUES ('620300', '金昌市', '620000', 'Jinchang', 'jinchangshi', 'jcs');
INSERT INTO `tb_city` VALUES ('620400', '白银市', '620000', 'Baiyin', 'baiyinshi', 'bys');
INSERT INTO `tb_city` VALUES ('620500', '天水市', '620000', 'Tianshui', 'tianshuishi', 'tss');
INSERT INTO `tb_city` VALUES ('620600', '武威市', '620000', 'Wuwei', 'wuweishi', 'wws');
INSERT INTO `tb_city` VALUES ('620700', '张掖市', '620000', 'Zhangye', 'zhangyeshi', 'zys');
INSERT INTO `tb_city` VALUES ('620800', '平凉市', '620000', 'Pingliang', 'pingliangshi', 'pls');
INSERT INTO `tb_city` VALUES ('620900', '酒泉市', '620000', 'Jiuquan', 'jiuquanshi', 'jqs');
INSERT INTO `tb_city` VALUES ('621000', '庆阳市', '620000', 'Qingyang', 'qingyangshi', 'qys');
INSERT INTO `tb_city` VALUES ('621100', '定西市', '620000', 'Dingxi', 'dingxishi', 'dxs');
INSERT INTO `tb_city` VALUES ('621200', '陇南市', '620000', 'Longnan', 'longnanshi', 'lns');
INSERT INTO `tb_city` VALUES ('622900', '临夏回族自治州', '620000', 'Linxia Hui Autonomous Prefecture', 'linxiahuizuzizhizhou', 'lxhzzzz');
INSERT INTO `tb_city` VALUES ('623000', '甘南藏族自治州', '620000', 'Gannan Tibetan Autonomous Prefecture', 'gannanzangzuzizhizhou', 'gnzzzzz');
INSERT INTO `tb_city` VALUES ('630100', '西宁市', '630000', 'Xining', 'xiningshi', 'xns');
INSERT INTO `tb_city` VALUES ('632100', '海东地区', '630000', 'Haidong', 'haidongdiqu', 'hddq');
INSERT INTO `tb_city` VALUES ('632200', '海北藏族自治州', '630000', 'Tibetan Autonomous Prefecture of Haibei', 'haibeizangzuzizhizhou', 'hbzzzzz');
INSERT INTO `tb_city` VALUES ('632300', '黄南藏族自治州', '630000', 'Tibetan Autonomous Prefecture of Huangnan', 'huangnanzangzuzizhizhou', 'hnzzzzz');
INSERT INTO `tb_city` VALUES ('632500', '海南藏族自治州', '630000', 'Tibetan Autonomous Prefecture of Hainan', 'hainanzangzuzizhizhou', 'hnzzzzz');
INSERT INTO `tb_city` VALUES ('632600', '果洛藏族自治州', '630000', 'Tibetan Autonomous Prefecture of Golog', 'guoluozangzuzizhizhou', 'glzzzzz');
INSERT INTO `tb_city` VALUES ('632700', '玉树藏族自治州', '630000', 'Yushu Autonomous Prefecture', 'yushuzangzuzizhizhou', 'yszzzzz');
INSERT INTO `tb_city` VALUES ('632800', '海西蒙古族藏族自治州', '630000', 'Haixi Mongolian and Tibetan Autonomous Prefecture', 'haiximengguzuzangzuzizhizhou', 'hxmgzzzzzz');
INSERT INTO `tb_city` VALUES ('640100', '银川市', '640000', 'Yinchuan', 'yinchuanshi', 'ycs');
INSERT INTO `tb_city` VALUES ('640200', '石嘴山市', '640000', 'Shizuishan', 'shizuishanshi', 'szss');
INSERT INTO `tb_city` VALUES ('640300', '吴忠市', '640000', 'Wuzhong', 'wuzhongshi', 'wzs');
INSERT INTO `tb_city` VALUES ('640400', '固原市', '640000', 'Guyuan', 'guyuanshi', 'gys');
INSERT INTO `tb_city` VALUES ('640500', '中卫市', '640000', 'Zhongwei ', 'zhongweishi', 'zws');
INSERT INTO `tb_city` VALUES ('650100', '乌鲁木齐市', '650000', 'Urumqi', 'wulumuqishi', 'wlmqs');
INSERT INTO `tb_city` VALUES ('650200', '克拉玛依市', '650000', 'Karamay', 'kelamayishi', 'klmys');
INSERT INTO `tb_city` VALUES ('652100', '吐鲁番地区', '650000', 'Turpan', 'tulufandiqu', 'tlfdq');
INSERT INTO `tb_city` VALUES ('652200', '哈密地区', '650000', 'Hami', 'hamidiqu', 'hmdq');
INSERT INTO `tb_city` VALUES ('652300', '昌吉回族自治州', '650000', 'Changji hui autonomous prefecture', 'changjihuizuzizhizhou', 'cjhzzzz');
INSERT INTO `tb_city` VALUES ('652700', '博尔塔拉蒙古自治州', '650000', 'Bortala Mongol Autonomous Prefecture', 'boertalamengguzizhizhou', 'betlmgzzz');
INSERT INTO `tb_city` VALUES ('652800', '巴音郭楞蒙古族自治州', '650000', 'Bayingolin Mongol Autonomous Prefecture', 'bayinguolengmengguzuzizhizhou', 'byglmgzzzz');
INSERT INTO `tb_city` VALUES ('652900', '阿克苏地区', '650000', 'Aksu Prefecture', 'akesudiqu', 'aksdq');
INSERT INTO `tb_city` VALUES ('653000', '克孜勒苏柯尔克孜自治州', '650000', 'Kizilsu Kirghiz Autonomous Prefecture', 'kezilesukeerkezizizhizhou', 'kzlskekzzzz');
INSERT INTO `tb_city` VALUES ('653100', '喀什地区', '650000', 'Kashgar Prefecture', 'kashendiqu', 'ksdq');
INSERT INTO `tb_city` VALUES ('653200', '和田地区', '650000', 'Hotan Prefecture', 'hetiandiqu', 'htdq');
INSERT INTO `tb_city` VALUES ('654000', '伊犁哈萨克自治州', '650000', 'Ili Kazak Autonomous Prefecture', 'yilihasakezizhizhou', 'ylhskzzz');
INSERT INTO `tb_city` VALUES ('654200', '塔城地区', '650000', 'Tarbagatay Prefecture', 'tachengdiqu', 'tcdq');
INSERT INTO `tb_city` VALUES ('654300', '阿勒泰地区', '650000', 'Altay Prefecture', 'aletaidiqu', 'altdq');
INSERT INTO `tb_city` VALUES ('659000', '省直辖行政单位', '650000', 'City-governed district', 'shengzhixiaxingzhengdanwei', 'szxxzdw');